{
  "classification_report": {
    "akiec": {
      "precision": 0.6470588235294118,
      "recall": 0.3793103448275862,
      "f1-score": 0.4782608695652174,
      "support": 29.0
    },
    "bcc": {
      "precision": 0.6627906976744186,
      "recall": 0.6263736263736264,
      "f1-score": 0.6440677966101694,
      "support": 91.0
    },
    "bkl": {
      "precision": 0.7257142857142858,
      "recall": 0.5799086757990868,
      "f1-score": 0.6446700507614214,
      "support": 219.0
    },
    "df": {
      "precision": 0.7272727272727273,
      "recall": 0.3333333333333333,
      "f1-score": 0.45714285714285713,
      "support": 24.0
    },
    "mel": {
      "precision": 0.562962962962963,
      "recall": 0.40860215053763443,
      "f1-score": 0.4735202492211838,
      "support": 186.0
    },
    "nv": {
      "precision": 0.8489208633093526,
      "recall": 0.9473684210526315,
      "f1-score": 0.8954468802698144,
      "support": 1121.0
    },
    "vasc": {
      "precision": 0.9130434782608695,
      "recall": 0.75,
      "f1-score": 0.8235294117647058,
      "support": 28.0
    },
    "accuracy": 0.8021201413427562,
    "macro avg": {
      "precision": 0.726823405532004,
      "recall": 0.574985221703414,
      "f1-score": 0.630948302190767,
      "support": 1698.0
    },
    "weighted avg": {
      "precision": 0.7876214662361005,
      "recall": 0.8021201413427562,
      "f1-score": 0.7889066237126682,
      "support": 1698.0
    }
  },
  "confusion_matrix": [
    [
      11,
      2,
      9,
      0,
      4,
      3,
      0
    ],
    [
      0,
      57,
      6,
      1,
      3,
      23,
      1
    ],
    [
      1,
      9,
      127,
      0,
      24,
      58,
      0
    ],
    [
      2,
      2,
      1,
      8,
      1,
      10,
      0
    ],
    [
      3,
      4,
      14,
      0,
      76,
      89,
      0
    ],
    [
      0,
      12,
      17,
      2,
      27,
      1062,
      1
    ],
    [
      0,
      0,
      1,
      0,
      0,
      6,
      21
    ]
  ],
  "roc_auc_macro": 0.9502639113373944
}